degree,MSE_train,MSE_test
0,0.6924026658576075,0.6571928223209949
1,0.5362263085201504,0.4176117914079724
2,0.5350338505291499,0.42245394967629835
3,0.08147955246707961,0.12634374018583924
4,0.07192521802385565,0.1460010463139082
5,0.05108964064892792,0.11448613524588845
6,0.05090589223679957,0.10962052112449365
7,0.0509032880814794,0.109635082441666
8,0.006314287816837587,0.2138033204973576
9,1.4253781846589784e-09,0.21787091431146954
