,degree,MSE_train,MSE_test
0,0,0.6708203932499369,0.6403703667255515
1,1,0.5145049972359559,0.4180985865914646
2,2,0.514504997235956,0.41809858659146454
3,3,0.08080531431096058,0.11492198430090932
4,4,0.08080531431096054,0.11492198430087269
5,5,0.003865216382184885,0.007301320531497852
6,6,0.003865216382185246,0.007301320533247281
7,7,4.702487453829097e-05,0.00031647009693494007
8,8,4.702487453770984e-05,0.00031647012445584386
9,9,2.3365804400338206e-10,1.923373890166703e-05
