,degree,MSE_train,MSE_test
0,0,1.2452460449817522,1.1761661695761978
1,1,0.9365576146644242,1.201713445745865
2,2,0.9284408486711717,1.1258770214324387
3,3,0.593990306026654,1.006891866004933
4,4,0.585538053636316,1.056176604228169
5,5,0.5786807715184372,0.9931353239261054
6,6,0.42266294812473726,0.7947732230520614
7,7,0.3507855666926956,0.6043792775164629
8,8,0.3455401452790569,0.6985328229005492
9,9,2.225445796825219e-08,2.6744916803415566
