degree,MSE_train,MSE_test
0,0.6701900558034427,0.6337447822652845
1,0.512708579001802,0.4086695412519173
2,0.5127080511995461,0.40866787185543213
3,0.08307441447269871,0.10933062197545336
4,0.08307392938018271,0.1093163437354659
5,0.004764508571018891,0.013989383970505464
6,0.004646999383205683,0.013730963114285495
7,0.004504990219376284,0.012848000397505381
8,0.0019134959223006344,0.01645441219308774
9,5.928031115390784e-10,0.014445765343263148
