,degree,MSE_train,MSE_test
0,0,0.7401211827895433,0.7031236821681927
1,1,0.5395830539202547,0.49107792822799423
2,2,0.5381324849527389,0.4946909607722946
3,3,0.1495652849276649,0.22241555363679144
4,4,0.1489297439082653,0.226043628893911
5,5,0.0659105239819806,0.0926949006347763
6,6,0.06581022965365621,0.09797635893990715
7,7,0.03922309672331499,0.13197033966891236
8,8,0.013016728037924277,0.21558264215486478
9,9,3.0377099272793556e-09,0.25970021222617556
