,degree,MSE_train,MSE_test
0,0,0.6702033128554338,0.6341859283881557
1,1,0.5159284781604527,0.4129418152066687
2,2,0.5159223200933514,0.412955184253616
3,3,0.08376186609059004,0.11146115959386642
4,4,0.08363151051963673,0.11111008215978373
5,5,0.008016052375951275,0.012863908311056214
6,6,0.007976913263171948,0.012311828757129386
7,7,0.004026165279574215,0.011992947641739186
8,8,0.004026050593282531,0.011967404771402776
9,9,6.979562801215131e-11,0.02918818431208582
