degree,MSE_train,MSE_test
0,1.4406765291367878,1.981343504250275
1,1.061902404754039,1.5377525474236806
2,0.9492654312126442,1.6093344896528035
3,0.7825202818553709,1.4264192801620437
4,0.5800083220337484,1.7077470542688047
5,0.5331287083736356,1.8124579042626678
6,0.38036728207122456,2.284486149290141
7,0.3500256677953973,2.323185533586266
8,0.2571797618171768,1.7364255878495618
9,1.4770735273956427e-08,2.4962542884050154
