user,MAAS_p1,MAAS_p2,MAAS_p3,MAAS_p4,x,y,cluster
Jesus,1,1,1,1,-0.2886751345948131,0.816496580927726,0.0
Lea,-1,1,1,1,0.28867513459481287,0.4082482904638632,0.0
Philip,-1,-1,-1,-1,0.0,-0.0,0.0
Christian,1,1,-1,1,-0.8660254037844386,-2.328078650804817e-16,1.0
Aaron,-1,1,-1,-1,0.28867513459481287,0.40824829046386296,0.0
Maurice,1,1,1,-1,0.0,-0.0,0.0
