user,MAAS_p1,MAAS_p2,MAAS_p3,MAAS_p4,x,y,cluster
Jesus,1,1,1,1,1.4632403867269566,-2.220446049250313e-16,0.0
Lea,-1,1,1,1,-0.6617695710734216,-0.816496580927726,1.0
Philip,-1,-1,-1,-1,-1.7242745499736105,0.0,1.0
Christian,1,1,-1,1,-0.6617695710734214,1.632993161855452,1.0
Aaron,-1,1,-1,-1,-0.6617695710734215,-0.8164965809277263,1.0
Maurice,1,1,1,-1,2.2463428764669184,6.661338147750939e-16,0.0
